USE LandLystDB;

INSERT INTO HotelServices VALUES ('Altan', 150);
INSERT INTO HotelServices VALUES ('Doubletseng', 200);
INSERT INTO HotelServices VALUES ('2 enkeltsenge', 200);
INSERT INTO HotelServices VALUES ('Badekar', 50);
INSERT INTO HotelServices VALUES ('Jacuzzi', 175);
INSERT INTO HotelServices VALUES ('Eget køkken', 350);


INSERT INTO Room VALUES (100,'TRUE', 695);
INSERT INTO Room VALUES (101,'TRUE', 695);
INSERT INTO Room VALUES (102,'TRUE', 695);
INSERT INTO Room VALUES (103,'TRUE', 695);
INSERT INTO Room VALUES (104,'TRUE', 695);
INSERT INTO Room VALUES (105,'TRUE', 695);
INSERT INTO Room VALUES (106,'TRUE', 695);
INSERT INTO Room VALUES (107,'TRUE', 695);
INSERT INTO Room VALUES (108,'TRUE', 695);
INSERT INTO Room VALUES (109,'TRUE', 695);
INSERT INTO Room VALUES (110,'TRUE', 695);

INSERT INTO Room VALUES (200,'TRUE', 695);
INSERT INTO Room VALUES (201,'TRUE', 695);
INSERT INTO Room VALUES (202,'TRUE', 695);
INSERT INTO Room VALUES (203,'TRUE', 695);
INSERT INTO Room VALUES (204,'TRUE', 695);
INSERT INTO Room VALUES (205,'TRUE', 695);
INSERT INTO Room VALUES (206,'TRUE', 695);
INSERT INTO Room VALUES (207,'TRUE', 695);
INSERT INTO Room VALUES (208,'TRUE', 695);
INSERT INTO Room VALUES (209,'TRUE', 695);

INSERT INTO Room VALUES (300,'TRUE', 695);
INSERT INTO Room VALUES (301,'TRUE', 695);
INSERT INTO Room VALUES (302,'TRUE', 695);
INSERT INTO Room VALUES (303,'TRUE', 695);
INSERT INTO Room VALUES (304,'TRUE', 695);
INSERT INTO Room VALUES (305,'TRUE', 695);
INSERT INTO Room VALUES (306,'TRUE', 695);
INSERT INTO Room VALUES (307,'TRUE', 695);
INSERT INTO Room VALUES (308,'TRUE', 695);
INSERT INTO Room VALUES (309,'TRUE', 695);

INSERT INTO Room VALUES (400,'TRUE', 695);
INSERT INTO Room VALUES (401,'TRUE', 695);
INSERT INTO Room VALUES (402,'TRUE', 695);
INSERT INTO Room VALUES (403,'TRUE', 695);
INSERT INTO Room VALUES (404,'TRUE', 695);
INSERT INTO Room VALUES (405,'TRUE', 695);
INSERT INTO Room VALUES (406,'TRUE', 695);
INSERT INTO Room VALUES (407,'TRUE', 695);
INSERT INTO Room VALUES (408,'TRUE', 695);
INSERT INTO Room VALUES (409,'TRUE', 695);

INSERT INTO Room VALUES (500,'TRUE', 695);
INSERT INTO Room VALUES (501,'TRUE', 695);
INSERT INTO Room VALUES (502,'TRUE', 695);
INSERT INTO Room VALUES (503,'TRUE', 695);
INSERT INTO Room VALUES (504,'TRUE', 695);
INSERT INTO Room VALUES (505,'TRUE', 695);
INSERT INTO Room VALUES (506,'TRUE', 695);
INSERT INTO Room VALUES (507,'TRUE', 695);
INSERT INTO Room VALUES (508,'TRUE', 695);
INSERT INTO Room VALUES (509,'TRUE', 695);
INSERT INTO Room VALUES (510, 'TRUE', 695);


INSERT INTO RoomServices VALUES ('Doubletseng',100 );
INSERT INTO RoomServices VALUES ('Badekar',100 );
INSERT INTO RoomServices VALUES ('Doubletseng',101 );
INSERT INTO RoomServices VALUES ('Doubletseng',102 );
INSERT INTO RoomServices VALUES ('Badekar',102 );
INSERT INTO RoomServices VALUES ('Doubletseng',103 );
INSERT INTO RoomServices VALUES ('Badekar',103 );
INSERT INTO RoomServices VALUES ('Doubletseng',104 );
INSERT INTO RoomServices VALUES ('Badekar',104 );
INSERT INTO RoomServices VALUES ('Doubletseng',105 );
INSERT INTO RoomServices VALUES ('Badekar',105 );
INSERT INTO RoomServices VALUES ('Doubletseng',106 );
INSERT INTO RoomServices VALUES ('Badekar',106 );
INSERT INTO RoomServices VALUES ('Doubletseng',107 );
INSERT INTO RoomServices VALUES ('Badekar',107 );
INSERT INTO RoomServices VALUES ('Doubletseng',108 );
INSERT INTO RoomServices VALUES ('Badekar',108 );
INSERT INTO RoomServices VALUES ('Doubletseng',109 );
INSERT INTO RoomServices VALUES ('Doubletseng',110 );
INSERT INTO RoomServices VALUES ('Badekar',110 );

INSERT INTO RoomServices VALUES ('Doubletseng',200 );
INSERT INTO RoomServices VALUES ('Jacuzzi',200 );
INSERT INTO RoomServices VALUES ('Altan',200 );
INSERT INTO RoomServices VALUES ('Doubletseng',201 );
INSERT INTO RoomServices VALUES ('Badekar',201 );
INSERT INTO RoomServices VALUES ('Doubletseng',202 );
INSERT INTO RoomServices VALUES ('Badekar',202 );
INSERT INTO RoomServices VALUES ('Doubletseng',203 );
INSERT INTO RoomServices VALUES ('Badekar',203 );
INSERT INTO RoomServices VALUES ('Doubletseng',204 );
INSERT INTO RoomServices VALUES ('Badekar',204 );
INSERT INTO RoomServices VALUES ('Doubletseng',205 );
INSERT INTO RoomServices VALUES ('Jacuzzi',205 );
INSERT INTO RoomServices VALUES ('Altan',205 );
INSERT INTO RoomServices VALUES ('Eget køkken',205 );
INSERT INTO RoomServices VALUES ('Doubletseng',206 );
INSERT INTO RoomServices VALUES ('Badekar',206 );
INSERT INTO RoomServices VALUES ('Doubletseng',207 );
INSERT INTO RoomServices VALUES ('Badekar',207 );
INSERT INTO RoomServices VALUES ('Doubletseng',208 );
INSERT INTO RoomServices VALUES ('Badekar',208 );
INSERT INTO RoomServices VALUES ('Doubletseng',209 );
INSERT INTO RoomServices VALUES ('Badekar',209 );
INSERT INTO RoomServices VALUES ('Jacuzzi',209 );

INSERT INTO RoomServices VALUES ('Doubletseng',300 );
INSERT INTO RoomServices VALUES ('Jacuzzi',300 );
INSERT INTO RoomServices VALUES ('Altan',300 );
INSERT INTO RoomServices VALUES ('2 enkeltsenge',301 );
INSERT INTO RoomServices VALUES ('Badekar',301 );
INSERT INTO RoomServices VALUES ('Doubletseng',302 );
INSERT INTO RoomServices VALUES ('Badekar',302 );
INSERT INTO RoomServices VALUES ('Doubletseng',303 );
INSERT INTO RoomServices VALUES ('Badekar',303 );
INSERT INTO RoomServices VALUES ('2 enkeltsenge',304 );
INSERT INTO RoomServices VALUES ('Badekar',304 );
INSERT INTO RoomServices VALUES ('Doubletseng',305 );
INSERT INTO RoomServices VALUES ('Jacuzzi',305 );
INSERT INTO RoomServices VALUES ('Altan',305 );
INSERT INTO RoomServices VALUES ('Eget køkken',305 );
INSERT INTO RoomServices VALUES ('Doubletseng',306 );
INSERT INTO RoomServices VALUES ('Badekar',306 );
INSERT INTO RoomServices VALUES ('Doubletseng',307 );
INSERT INTO RoomServices VALUES ('Badekar',307 );
INSERT INTO RoomServices VALUES ('Doubletseng',308 );
INSERT INTO RoomServices VALUES ('Badekar',308 );
INSERT INTO RoomServices VALUES ('Doubletseng',309 );
INSERT INTO RoomServices VALUES ('Badekar',309 );
INSERT INTO RoomServices VALUES ('Jacuzzi',309 );

INSERT INTO RoomServices VALUES ('Doubletseng',400 );
INSERT INTO RoomServices VALUES ('Jacuzzi',400 );
INSERT INTO RoomServices VALUES ('Altan',400 );
INSERT INTO RoomServices VALUES ('Altan',401 );
INSERT INTO RoomServices VALUES ('Doubletseng',402 );
INSERT INTO RoomServices VALUES ('Badekar',402 );
INSERT INTO RoomServices VALUES ('Doubletseng',403 );
INSERT INTO RoomServices VALUES ('Badekar',403 );
INSERT INTO RoomServices VALUES ('Badekar',404 );
INSERT INTO RoomServices VALUES ('Doubletseng',405 );
INSERT INTO RoomServices VALUES ('Jacuzzi',405 );
INSERT INTO RoomServices VALUES ('Altan',405 );
INSERT INTO RoomServices VALUES ('Eget køkken',405 );
INSERT INTO RoomServices VALUES ('Altan',406 );
INSERT INTO RoomServices VALUES ('Altan',407 );
INSERT INTO RoomServices VALUES ('Doubletseng',409 );
INSERT INTO RoomServices VALUES ('Badekar',409 );
INSERT INTO RoomServices VALUES ('Jacuzzi',409 );
INSERT INTO RoomServices VALUES ('Doubletseng',500 );
INSERT INTO RoomServices VALUES ('Jacuzzi',500 );
INSERT INTO RoomServices VALUES ('Altan',500 );
INSERT INTO RoomServices VALUES ('2 enkeltsenge',501 );
INSERT INTO RoomServices VALUES ('Badekar',501 );
INSERT INTO RoomServices VALUES ('Doubletseng',502 );
INSERT INTO RoomServices VALUES ('Badekar',502 );
INSERT INTO RoomServices VALUES ('Doubletseng',503 );
INSERT INTO RoomServices VALUES ('Badekar',503 );
INSERT INTO RoomServices VALUES ('Badekar',504 );
INSERT INTO RoomServices VALUES ('Doubletseng',506 );
INSERT INTO RoomServices VALUES ('Altan',506 );
INSERT INTO RoomServices VALUES ('Doubletseng',507 );
INSERT INTO RoomServices VALUES ('Badekar',507 );
INSERT INTO RoomServices VALUES ('Doubletseng',508 );
INSERT INTO RoomServices VALUES ('Badekar',508 );
INSERT INTO RoomServices VALUES ('Doubletseng',509 );
INSERT INTO RoomServices VALUES ('Badekar',509 );
INSERT INTO RoomServices VALUES ('Doubletseng',510 );
INSERT INTO RoomServices VALUES ('Badekar',510 );








